<?xml version="1.0" encoding="UTF-8"?>
<?xml-stylesheet type="text/xsl" href="cars.xsl"?>
<Cars>
    <Car>
        <ID>1</ID>
        <Company>Hyundai</Company>
        <Model>Creta</Model>
        <Engine>1497 cc</Engine>
        <Mileage>19.5 kmpl</Mileage>
    </Car>
    <Car>
        <ID>2</ID>
        <Company>Toyota</Company>
        <Model>Fortuner</Model>
        <Engine>2755 cc</Engine>
        <Mileage>14.4 kmpl</Mileage>
    </Car>
    <Car>
        <ID>3</ID>
        <Company>Maruti Suzuki</Company>
        <Model>Swift</Model>
        <Engine>1197 cc</Engine>
        <Mileage>22.0 kmpl</Mileage>
    </Car>
    <Car>
        <ID>4</ID>
        <Company>Mahindra</Company>
        <Model>Thar</Model>
        <Engine>2184 cc</Engine>
        <Mileage>15.2 kmpl</Mileage>
    </Car>
</Cars>
